Pilots,General Aviation
Airplane Piloting,General Aviation
Sentences (language),English Grammar
English Grammar,English Grammar
Grammar,English Grammar
English (language),English Grammar
Luftwaffe,Military Aviation
Military Aviation,Military Aviation
Military Aircraft,Military Aviation
Fighter Aircraft,Military Aviation
World War II,Military Aviation
Military History and Wars ,Military Aviation
Falcon BMS 4.32,Flight Simulators
General Dynamics F-16 Fighting Falcon,Military Aviation
Particle Accelerators,Physics
Physics of Everyday Life,Physics
Hypoxia,General Aviation
Breath,General Aviation
Breathing,General Aviation
Oxygen,General Aviation
Airplanes,General Aviation
Machine Guns,Military Aviation
Altitude,General Aviation
Height,General Aviation
Physics,Physics
Aviation,General Aviation
Weather Radar,General Aviation
Particle Physics,Physics
Aerodynamics,General Aviation
Spacecraft,Physics
Aircraft,General Aviation
Microsoft Flight,Flight Simulators
Flight Simulators,Flight Simulators
Simulation,Flight Simulators
Microsoft (company),Flight Simulators
